<?xml version="1.0" encoding="UTF-8"?>
<metadata xml:lang="en"><Esri><CreaDate>20200526</CreaDate><CreaTime>11214000</CreaTime><ArcGISFormat>1.0</ArcGISFormat><SyncOnce>TRUE</SyncOnce><DataProperties><lineage><Process ToolSource="f:\masters\arcgis\desktop\desktop10.6\ArcToolbox\Toolboxes\Data Management Tools.tbx\CreateRandomPoints" Date="20200526" Time="112140">CreateRandomPoints "F:\Masters\ENR 8998 - Research Stuff\FlamMap\New Stuff\IgnitionFiles\Rand" G dis "0 0 250 250" 1 "0 DecimalDegrees" POINT 0</Process></lineage></DataProperties></Esri></metadata>
