<?xml version="1.0" encoding="UTF-8"?>
<metadata xml:lang="en"><Esri><CreaDate>20200727</CreaDate><CreaTime>14123600</CreaTime><ArcGISFormat>1.0</ArcGISFormat><SyncOnce>TRUE</SyncOnce><DataProperties><lineage><Process ToolSource="f:\masters\arcgis\desktop\desktop10.6\ArcToolbox\Toolboxes\Data Management Tools.tbx\CreateFishnet" Date="20200727" Time="141236">CreateFishnet "F:\Masters\ENR 8998 - Research Stuff\FlamMap\New Stuff\IgnitionFiles\Grid\dinnetfish2.shp" "499125 6324555" "499125 6324565" # # 7 7 "504075 6329505" LABELS dinnetextract POLYLINE</Process></lineage></DataProperties></Esri></metadata>
