<?xml version="1.0" encoding="UTF-8"?>
<metadata xml:lang="en"><Esri><CreaDate>20200727</CreaDate><CreaTime>15060200</CreaTime><ArcGISFormat>1.0</ArcGISFormat><SyncOnce>TRUE</SyncOnce><DataProperties><lineage><Process ToolSource="f:\masters\arcgis\desktop\desktop10.6\ArcToolbox\Toolboxes\Data Management Tools.tbx\CreateFishnet" Date="20200727" Time="150602">CreateFishnet "F:\Masters\ENR 8998 - Research Stuff\FlamMap\New Stuff\IgnitionFiles\Grid\dinnetfish3.shp" "499125 6324555" "499125 6324565" # # 7 7 "504075 6329505" LABELS zeroext2 POLYLINE</Process><Process ToolSource="f:\masters\arcgis\desktop\desktop10.6\ArcToolbox\Toolboxes\Data Management Tools.tbx\CalculateField" Date="20200727" Time="150658">CalculateField dinnetfish3_label Id [FID] VB #</Process></lineage></DataProperties></Esri></metadata>
